CREATE TABLE users (id mediumint(8),name varchar(255) default NULL,email varchar(255) default NULL);
INSERT INTO users (id,name,email) VALUES ('1','Tate Campos','Duis.risus.odio@non.edu');
INSERT INTO users (id,name,email) VALUES ('2','Tanner Duke','magnis.dis@Suspendissecommodotincidunt.edu');
INSERT INTO users (id,name,email) VALUES ('3','Winifred Cline','Duis.a.mi@Quisqueornare.com');
INSERT INTO users (id,name,email) VALUES ('4','Myra Gomez','eu@telluseu.ca');
INSERT INTO users (id,name,email) VALUES ('5','Zorita Burns','libero.Morbi.accumsan@justo.ca');
INSERT INTO users (id,name,email) VALUES ('6','Gwendolyn Ball','ad.litora.torquent@molestie.ca');
INSERT INTO users (id,name,email) VALUES ('7','Dana Henderson','vitae.mauris.sit@sagittisplacerat.ca');
INSERT INTO users (id,name,email) VALUES ('8','Cadman Howe','elit.a@metusurnaconvallis.com');
INSERT INTO users (id,name,email) VALUES ('9','Brynne Bishop','dictum@Fusce.edu');
INSERT INTO users (id,name,email) VALUES ('10','Jada Marks','eleifend.egestas.Sed@famesac.edu');
CREATE TABLE messages (id mediumint(8),title TEXT default NULL,content TEXT default NULL,user varchar(50) default NULL);
INSERT INTO messages (id,title,content,user) VALUES ('1','sit amet','Nullam enim. Sed nulla ante, iaculis nec, eleifend non, dapibus rutrum, justo. Praesent luctus. Curabitur egestas nunc sed libero. Proin sed turpis nec mauris blandit mattis. Cras eget nisi dictum augue malesuada malesuada. Integer id magna et ipsum cursus vestibulum. Mauris magna. Duis dignissim tempor','9');
INSERT INTO messages (id,title,content,user) VALUES ('2','tellus. Nunc lectus pede,','eget varius ultrices, mauris ipsum porta elit, a feugiat tellus lorem eu metus. In','3');
INSERT INTO messages (id,title,content,user) VALUES ('3','mattis. Cras eget nisi dictum','sem eget massa. Suspendisse eleifend. Cras sed leo. Cras vehicula','7');
INSERT INTO messages (id,title,content,user) VALUES ('4','nibh. Quisque nonummy ipsum non','Donec est. Nunc ullamcorper, velit in aliquet lobortis, nisi nibh lacinia orci, consectetuer euismod est arcu ac orci. Ut semper pretium neque. Morbi quis urna. Nunc quis arcu vel quam dignissim pharetra. Nam ac nulla. In tincidunt congue turpis. In condimentum. Donec at arcu. Vestibulum ante ipsum primis in','9');
INSERT INTO messages (id,title,content,user) VALUES ('5','Phasellus ornare. Fusce','Aenean massa. Integer vitae nibh. Donec est mauris, rhoncus id, mollis','4');
INSERT INTO messages (id,title,content,user) VALUES ('6','orci quis lectus.','aliquet, sem ut cursus luctus, ipsum leo elementum sem, vitae aliquam eros turpis non enim. Mauris quis turpis vitae purus gravida sagittis. Duis gravida. Praesent eu','5');
INSERT INTO messages (id,title,content,user) VALUES ('7','Maecenas iaculis aliquet','tellus. Nunc lectus pede, ultrices a, auctor non, feugiat nec, diam. Duis mi enim, condimentum eget, volutpat ornare, facilisis eget, ipsum. Donec sollicitudin adipiscing ligula. Aenean gravida nunc sed pede. Cum sociis natoque','10');
INSERT INTO messages (id,title,content,user) VALUES ('8','facilisis vitae, orci.','dapibus rutrum, justo. Praesent luctus. Curabitur egestas nunc sed libero. Proin sed turpis nec mauris blandit mattis. Cras eget','9');
INSERT INTO messages (id,title,content,user) VALUES ('9','amet massa. Quisque porttitor','montes, nascetur ridiculus mus. Proin vel nisl. Quisque fringilla euismod enim. Etiam gravida molestie arcu. Sed eu nibh vulputate mauris sagittis placerat. Cras dictum ultricies ligula. Nullam enim.','8');
INSERT INTO messages (id,title,content,user) VALUES ('10','tristique ac,','erat semper rutrum. Fusce dolor quam, elementum at, egestas a, scelerisque sed, sapien. Nunc pulvinar arcu et pede. Nunc sed orci lobortis augue scelerisque mollis. Phasellus libero mauris, aliquam eu, accumsan sed, facilisis vitae, orci. Phasellus dapibus quam quis diam. Pellentesque habitant morbi','1');
INSERT INTO messages (id,title,content,user) VALUES ('11','sit amet, faucibus ut,','nascetur ridiculus mus. Donec dignissim magna a tortor. Nunc commodo auctor velit. Aliquam nisl. Nulla eu neque pellentesque massa lobortis ultrices. Vivamus rhoncus.','6');
INSERT INTO messages (id,title,content,user) VALUES ('12','metus sit amet ante.','nec enim. Nunc ut erat. Sed nunc est, mollis non, cursus non, egestas a, dui. Cras pellentesque.','3');
INSERT INTO messages (id,title,content,user) VALUES ('13','Nullam enim. Sed nulla','Nulla facilisi. Sed neque. Sed eget lacus. Mauris non dui nec urna suscipit nonummy. Fusce fermentum fermentum arcu. Vestibulum ante ipsum primis in faucibus orci luctus et ultrices posuere cubilia Curae; Phasellus ornare. Fusce mollis. Duis','9');
INSERT INTO messages (id,title,content,user) VALUES ('14','ornare placerat, orci lacus','sed consequat auctor, nunc nulla vulputate dui, nec tempus mauris erat eget ipsum. Suspendisse sagittis. Nullam vitae diam. Proin dolor. Nulla semper tellus id nunc interdum feugiat. Sed nec metus facilisis lorem tristique aliquet. Phasellus fermentum convallis ligula. Donec luctus aliquet odio. Etiam ligula tortor, dictum eu,','3');
INSERT INTO messages (id,title,content,user) VALUES ('15','ornare, libero at auctor ullamcorper,','ornare. Fusce mollis. Duis sit amet diam eu dolor egestas rhoncus. Proin nisl sem, consequat nec, mollis vitae, posuere at, velit. Cras lorem lorem, luctus ut, pellentesque eget, dictum placerat, augue.','9');
INSERT INTO messages (id,title,content,user) VALUES ('16','volutpat ornare,','erat semper rutrum. Fusce dolor quam, elementum at, egestas a, scelerisque sed, sapien. Nunc pulvinar arcu et','4');
INSERT INTO messages (id,title,content,user) VALUES ('17','a tortor. Nunc','pretium et, rutrum non, hendrerit id, ante. Nunc mauris sapien, cursus in, hendrerit consectetuer, cursus et, magna. Praesent interdum ligula eu enim. Etiam imperdiet dictum magna. Ut tincidunt orci quis lectus. Nullam suscipit, est ac facilisis facilisis, magna tellus faucibus leo, in','4');
INSERT INTO messages (id,title,content,user) VALUES ('18','at auctor ullamcorper,','blandit mattis. Cras eget nisi dictum augue malesuada malesuada. Integer id magna et ipsum cursus vestibulum. Mauris magna. Duis dignissim tempor arcu. Vestibulum ut eros non enim commodo hendrerit. Donec','4');
INSERT INTO messages (id,title,content,user) VALUES ('19','facilisi. Sed neque. Sed eget','malesuada augue ut lacus. Nulla tincidunt, neque vitae semper egestas, urna justo faucibus lectus, a sollicitudin orci sem eget massa. Suspendisse eleifend. Cras sed leo. Cras vehicula aliquet libero. Integer in magna. Phasellus dolor elit, pellentesque a, facilisis non, bibendum sed, est. Nunc laoreet lectus quis massa. Mauris','5');
INSERT INTO messages (id,title,content,user) VALUES ('20','mauris. Integer sem elit, pharetra','ridiculus mus. Donec dignissim magna a tortor. Nunc commodo auctor velit. Aliquam nisl. Nulla','8');
INSERT INTO messages (id,title,content,user) VALUES ('21','aliquet molestie tellus.','mauris ipsum porta elit, a feugiat tellus lorem eu metus.','8');
INSERT INTO messages (id,title,content,user) VALUES ('22','morbi tristique senectus et netus','urna. Ut tincidunt vehicula risus. Nulla eget metus eu erat semper','1');
INSERT INTO messages (id,title,content,user) VALUES ('23','porttitor eros nec','malesuada ut, sem. Nulla interdum. Curabitur dictum. Phasellus in felis. Nulla tempor augue ac ipsum. Phasellus vitae mauris sit amet lorem semper auctor. Mauris vel turpis. Aliquam adipiscing lobortis risus. In mi pede, nonummy ut, molestie in, tempus eu, ligula. Aenean euismod','9');
INSERT INTO messages (id,title,content,user) VALUES ('24','tellus non','metus. Aenean sed pede nec ante blandit viverra. Donec tempus, lorem fringilla ornare placerat, orci lacus vestibulum','2');
INSERT INTO messages (id,title,content,user) VALUES ('25','odio vel est tempor','lorem, vehicula et, rutrum eu, ultrices sit amet, risus. Donec nibh enim, gravida sit amet, dapibus id, blandit at, nisi. Cum sociis natoque penatibus','9');
INSERT INTO messages (id,title,content,user) VALUES ('26','at auctor ullamcorper, nisl arcu','sed sem egestas blandit. Nam nulla magna, malesuada vel, convallis in, cursus et, eros. Proin ultrices. Duis volutpat nunc sit amet metus. Aliquam erat volutpat. Nulla facilisis. Suspendisse commodo tincidunt nibh. Phasellus nulla. Integer vulputate, risus a ultricies adipiscing, enim mi tempor lorem,','10');
INSERT INTO messages (id,title,content,user) VALUES ('27','sit amet lorem semper','mattis. Cras eget nisi dictum augue malesuada malesuada. Integer id magna et ipsum cursus vestibulum. Mauris magna. Duis dignissim tempor arcu. Vestibulum ut eros non enim commodo hendrerit.','1');
INSERT INTO messages (id,title,content,user) VALUES ('28','faucibus lectus,','Mauris non dui nec urna suscipit nonummy. Fusce fermentum fermentum arcu. Vestibulum ante','5');
INSERT INTO messages (id,title,content,user) VALUES ('29','Donec non','pede. Suspendisse dui. Fusce diam nunc, ullamcorper eu, euismod ac, fermentum vel, mauris. Integer sem elit, pharetra ut, pharetra sed, hendrerit a, arcu. Sed et libero. Proin mi. Aliquam gravida mauris ut mi. Duis risus odio, auctor vitae, aliquet nec,','8');
INSERT INTO messages (id,title,content,user) VALUES ('30','Integer vitae nibh. Donec','risus, at fringilla purus mauris a nunc. In at pede. Cras vulputate velit eu sem. Pellentesque ut ipsum ac mi eleifend egestas. Sed pharetra, felis','9');
INSERT INTO messages (id,title,content,user) VALUES ('31','Nulla tincidunt, neque vitae','et malesuada fames ac turpis egestas. Aliquam fringilla cursus purus. Nullam scelerisque neque sed sem egestas blandit. Nam nulla','10');
INSERT INTO messages (id,title,content,user) VALUES ('32','Cum sociis','et, commodo at, libero. Morbi accumsan laoreet ipsum. Curabitur consequat, lectus sit amet luctus vulputate, nisi sem semper','6');
INSERT INTO messages (id,title,content,user) VALUES ('33','non, luctus','id, libero. Donec consectetuer mauris id sapien. Cras dolor dolor, tempus non, lacinia at, iaculis quis, pede. Praesent eu dui. Cum sociis natoque penatibus et magnis dis parturient montes, nascetur ridiculus mus. Aenean eget magna. Suspendisse tristique neque venenatis','1');
INSERT INTO messages (id,title,content,user) VALUES ('34','mauris ipsum porta elit,','varius ultrices, mauris ipsum porta elit, a feugiat tellus lorem eu metus. In lorem. Donec elementum, lorem ut aliquam iaculis, lacus pede sagittis augue, eu tempor erat','1');
INSERT INTO messages (id,title,content,user) VALUES ('35','ac urna. Ut tincidunt vehicula','ligula elit, pretium et, rutrum non, hendrerit id, ante. Nunc mauris sapien, cursus in, hendrerit consectetuer, cursus et, magna. Praesent interdum ligula eu enim. Etiam imperdiet dictum magna. Ut tincidunt orci quis lectus. Nullam suscipit, est','1');
INSERT INTO messages (id,title,content,user) VALUES ('36','fermentum arcu. Vestibulum','eu sem. Pellentesque ut ipsum ac mi eleifend egestas. Sed pharetra, felis eget varius ultrices,','1');
INSERT INTO messages (id,title,content,user) VALUES ('37','Proin vel arcu eu odio','mauris elit, dictum eu, eleifend nec, malesuada ut, sem. Nulla interdum. Curabitur dictum. Phasellus in felis. Nulla tempor augue ac ipsum. Phasellus vitae mauris sit amet lorem semper','2');
INSERT INTO messages (id,title,content,user) VALUES ('38','tincidunt tempus risus.','luctus. Curabitur egestas nunc sed libero. Proin sed turpis nec mauris blandit mattis. Cras eget nisi dictum augue malesuada malesuada. Integer id magna et ipsum cursus vestibulum. Mauris magna. Duis dignissim tempor arcu. Vestibulum ut eros non enim commodo hendrerit. Donec porttitor tellus non','2');
INSERT INTO messages (id,title,content,user) VALUES ('39','velit egestas lacinia.','arcu. Aliquam ultrices iaculis odio. Nam interdum enim non nisi. Aenean eget metus. In nec orci. Donec nibh. Quisque nonummy ipsum non arcu. Vivamus sit amet risus. Donec egestas. Aliquam nec enim. Nunc ut erat.','4');
INSERT INTO messages (id,title,content,user) VALUES ('40','feugiat tellus lorem eu','sed orci lobortis augue scelerisque mollis. Phasellus libero mauris, aliquam eu, accumsan sed, facilisis vitae, orci. Phasellus dapibus quam','7');
INSERT INTO messages (id,title,content,user) VALUES ('41','laoreet ipsum. Curabitur','vulputate, nisi sem semper erat, in consectetuer ipsum nunc id enim. Curabitur massa. Vestibulum accumsan neque et nunc. Quisque ornare tortor at risus. Nunc ac sem ut dolor dapibus gravida. Aliquam tincidunt, nunc ac mattis ornare, lectus ante','5');
INSERT INTO messages (id,title,content,user) VALUES ('42','volutpat. Nulla dignissim. Maecenas','varius ultrices, mauris ipsum porta elit, a feugiat tellus lorem eu metus. In lorem. Donec elementum, lorem ut aliquam iaculis, lacus pede sagittis augue, eu tempor erat neque non quam. Pellentesque habitant morbi tristique senectus et netus et malesuada','3');
INSERT INTO messages (id,title,content,user) VALUES ('43','elit. Etiam laoreet, libero et','Mauris vel turpis. Aliquam adipiscing lobortis risus. In mi pede, nonummy ut, molestie in, tempus eu, ligula. Aenean euismod mauris eu elit. Nulla facilisi. Sed neque. Sed eget lacus. Mauris non dui','10');
INSERT INTO messages (id,title,content,user) VALUES ('44','magna et ipsum cursus','id magna et ipsum cursus vestibulum. Mauris magna. Duis dignissim tempor arcu. Vestibulum ut eros non enim commodo hendrerit. Donec','2');
INSERT INTO messages (id,title,content,user) VALUES ('45','dictum mi, ac','lobortis augue scelerisque mollis. Phasellus libero mauris, aliquam eu, accumsan sed, facilisis vitae, orci. Phasellus dapibus quam quis diam. Pellentesque habitant morbi tristique senectus et netus et malesuada fames ac turpis egestas. Fusce aliquet magna a neque. Nullam ut nisi a odio semper cursus. Integer','1');
INSERT INTO messages (id,title,content,user) VALUES ('46','Donec dignissim magna','sodales nisi magna sed dui. Fusce aliquam, enim nec tempus scelerisque, lorem ipsum sodales purus, in molestie tortor nibh sit amet orci. Ut sagittis lobortis mauris. Suspendisse aliquet molestie tellus. Aenean egestas hendrerit neque. In ornare sagittis felis. Donec tempor, est ac mattis semper,','8');
INSERT INTO messages (id,title,content,user) VALUES ('47','lacinia. Sed congue, elit','elit. Nulla facilisi. Sed neque. Sed eget lacus. Mauris non dui nec urna suscipit nonummy. Fusce fermentum fermentum arcu. Vestibulum ante ipsum primis in faucibus orci luctus et ultrices posuere cubilia Curae; Phasellus ornare. Fusce','7');
INSERT INTO messages (id,title,content,user) VALUES ('48','tincidunt, nunc','felis eget varius ultrices, mauris ipsum porta elit, a feugiat tellus lorem','8');
INSERT INTO messages (id,title,content,user) VALUES ('49','et, magna. Praesent','ligula tortor, dictum eu, placerat eget, venenatis a, magna. Lorem ipsum dolor sit amet, consectetuer adipiscing elit. Etiam laoreet, libero et tristique pellentesque, tellus sem mollis dui, in sodales elit erat vitae','8');
INSERT INTO messages (id,title,content,user) VALUES ('50','parturient montes, nascetur ridiculus','interdum feugiat. Sed nec metus facilisis lorem tristique aliquet. Phasellus fermentum convallis ligula. Donec luctus aliquet odio. Etiam ligula tortor, dictum eu, placerat eget,','1');
INSERT INTO messages (id,title,content,user) VALUES ('51','Aliquam adipiscing lobortis','consectetuer rhoncus. Nullam velit dui, semper et, lacinia vitae, sodales','3');
INSERT INTO messages (id,title,content,user) VALUES ('52','facilisis, magna','non quam. Pellentesque habitant morbi tristique senectus et netus et malesuada fames ac turpis egestas. Aliquam fringilla cursus purus. Nullam scelerisque neque sed sem egestas blandit. Nam nulla magna, malesuada vel, convallis in, cursus et, eros. Proin ultrices. Duis volutpat nunc sit amet metus. Aliquam erat volutpat. Nulla','1');
INSERT INTO messages (id,title,content,user) VALUES ('53','velit. Quisque varius. Nam','nisl arcu iaculis enim, sit amet ornare lectus justo eu arcu. Morbi sit amet massa. Quisque porttitor eros nec tellus. Nunc lectus pede, ultrices a, auctor non, feugiat nec, diam. Duis mi enim, condimentum eget, volutpat ornare, facilisis eget, ipsum. Donec sollicitudin adipiscing','7');
INSERT INTO messages (id,title,content,user) VALUES ('54','dolor elit, pellentesque','dictum ultricies ligula. Nullam enim. Sed nulla ante, iaculis nec, eleifend non, dapibus rutrum, justo. Praesent luctus. Curabitur egestas nunc sed libero. Proin sed turpis nec mauris blandit mattis. Cras eget','3');
INSERT INTO messages (id,title,content,user) VALUES ('55','mi lacinia mattis.','porta elit, a feugiat tellus lorem eu metus. In lorem. Donec elementum, lorem ut aliquam iaculis, lacus pede sagittis augue, eu tempor erat neque non quam. Pellentesque habitant morbi tristique senectus et netus et malesuada fames ac turpis egestas. Aliquam fringilla cursus purus. Nullam','6');
INSERT INTO messages (id,title,content,user) VALUES ('56','dignissim. Maecenas ornare egestas','mi. Duis risus odio, auctor vitae, aliquet nec, imperdiet nec, leo. Morbi neque tellus,','2');
INSERT INTO messages (id,title,content,user) VALUES ('57','augue porttitor','Nulla facilisi. Sed neque. Sed eget lacus. Mauris non dui nec urna suscipit nonummy. Fusce fermentum fermentum arcu. Vestibulum ante ipsum primis in faucibus','8');
INSERT INTO messages (id,title,content,user) VALUES ('58','consequat nec, mollis vitae,','placerat. Cras dictum ultricies ligula. Nullam enim. Sed nulla ante, iaculis nec, eleifend non, dapibus rutrum, justo. Praesent luctus. Curabitur egestas nunc sed libero. Proin sed','2');
INSERT INTO messages (id,title,content,user) VALUES ('59','eu elit. Nulla','enim, sit amet ornare lectus justo eu arcu. Morbi sit amet massa. Quisque porttitor eros nec tellus. Nunc lectus pede, ultrices a, auctor non, feugiat nec, diam. Duis mi enim,','6');
INSERT INTO messages (id,title,content,user) VALUES ('60','risus. Duis','amet nulla. Donec non justo. Proin non massa non ante bibendum ullamcorper. Duis cursus, diam at pretium aliquet, metus urna convallis erat, eget tincidunt dui augue eu tellus. Phasellus elit pede, malesuada vel, venenatis vel, faucibus id, libero. Donec consectetuer mauris id sapien. Cras dolor dolor, tempus non,','4');
INSERT INTO messages (id,title,content,user) VALUES ('61','ut dolor','erat. Etiam vestibulum massa rutrum magna. Cras convallis convallis dolor. Quisque tincidunt pede ac urna.','8');
INSERT INTO messages (id,title,content,user) VALUES ('62','montes, nascetur ridiculus mus.','iaculis, lacus pede sagittis augue, eu tempor erat neque non quam. Pellentesque habitant morbi tristique senectus','7');
INSERT INTO messages (id,title,content,user) VALUES ('63','pede. Nunc sed','metus. Aenean sed pede nec ante blandit viverra. Donec tempus, lorem fringilla ornare','3');
INSERT INTO messages (id,title,content,user) VALUES ('64','quam vel sapien imperdiet ornare.','hymenaeos. Mauris ut quam vel sapien imperdiet ornare. In faucibus. Morbi vehicula. Pellentesque tincidunt tempus risus. Donec egestas. Duis ac arcu. Nunc mauris. Morbi non sapien molestie orci tincidunt adipiscing.','9');
INSERT INTO messages (id,title,content,user) VALUES ('65','Sed congue, elit sed','ullamcorper magna. Sed eu eros. Nam consequat dolor vitae dolor. Donec','1');
INSERT INTO messages (id,title,content,user) VALUES ('66','eget lacus. Mauris non','Duis elementum, dui quis accumsan convallis, ante lectus convallis est, vitae sodales nisi magna sed dui. Fusce aliquam, enim nec tempus scelerisque, lorem ipsum sodales purus, in molestie tortor nibh sit amet orci. Ut sagittis lobortis mauris. Suspendisse aliquet molestie tellus. Aenean egestas hendrerit','9');
INSERT INTO messages (id,title,content,user) VALUES ('67','neque venenatis','ligula. Aenean gravida nunc sed pede. Cum sociis natoque penatibus et magnis dis parturient montes, nascetur ridiculus mus. Proin vel arcu eu odio tristique pharetra. Quisque ac libero nec ligula consectetuer rhoncus. Nullam velit dui, semper et, lacinia vitae, sodales at,','7');
INSERT INTO messages (id,title,content,user) VALUES ('68','morbi tristique senectus et','Cum sociis natoque penatibus et magnis dis parturient montes, nascetur ridiculus mus. Donec dignissim magna a tortor. Nunc commodo auctor velit. Aliquam nisl.','10');
INSERT INTO messages (id,title,content,user) VALUES ('69','adipiscing elit. Aliquam auctor, velit','risus. Nulla eget metus eu erat semper rutrum. Fusce dolor quam, elementum at, egestas a, scelerisque sed, sapien. Nunc pulvinar arcu et pede. Nunc sed orci lobortis augue scelerisque mollis. Phasellus libero mauris, aliquam eu, accumsan sed, facilisis vitae, orci. Phasellus dapibus quam quis diam. Pellentesque habitant morbi tristique','7');
INSERT INTO messages (id,title,content,user) VALUES ('70','enim. Curabitur','lacinia orci, consectetuer euismod est arcu ac orci. Ut semper pretium neque. Morbi quis urna. Nunc quis arcu vel quam dignissim pharetra. Nam ac nulla. In tincidunt congue turpis. In condimentum. Donec at arcu. Vestibulum ante ipsum primis in faucibus orci luctus et ultrices posuere cubilia Curae;','2');
INSERT INTO messages (id,title,content,user) VALUES ('71','Nullam velit dui, semper','scelerisque scelerisque dui. Suspendisse ac metus vitae velit egestas lacinia. Sed congue, elit sed consequat auctor, nunc nulla vulputate dui, nec tempus mauris erat eget ipsum. Suspendisse sagittis. Nullam vitae diam. Proin dolor. Nulla semper tellus id nunc interdum feugiat. Sed nec metus facilisis lorem tristique aliquet. Phasellus','5');
INSERT INTO messages (id,title,content,user) VALUES ('72','Morbi sit amet massa. Quisque','mattis. Integer eu lacus. Quisque imperdiet, erat nonummy ultricies ornare, elit elit fermentum risus, at fringilla purus mauris a nunc. In at pede. Cras vulputate velit eu sem. Pellentesque ut ipsum ac mi eleifend egestas. Sed pharetra,','8');
INSERT INTO messages (id,title,content,user) VALUES ('73','Integer aliquam adipiscing lacus.','Morbi vehicula. Pellentesque tincidunt tempus risus. Donec egestas. Duis ac arcu. Nunc mauris. Morbi non sapien molestie orci tincidunt adipiscing. Mauris molestie pharetra nibh. Aliquam ornare, libero','4');
INSERT INTO messages (id,title,content,user) VALUES ('74','purus mauris','dolor elit, pellentesque a, facilisis non, bibendum sed, est. Nunc laoreet lectus quis massa. Mauris vestibulum, neque sed dictum eleifend, nunc risus varius orci, in consequat','5');
INSERT INTO messages (id,title,content,user) VALUES ('75','volutpat. Nulla dignissim.','Class aptent taciti sociosqu ad litora torquent per conubia nostra, per inceptos hymenaeos. Mauris ut quam vel sapien imperdiet ornare. In faucibus. Morbi vehicula. Pellentesque tincidunt tempus risus. Donec egestas.','5');
INSERT INTO messages (id,title,content,user) VALUES ('76','aliquet molestie','et malesuada fames ac turpis egestas. Fusce aliquet magna a neque. Nullam ut nisi a odio semper cursus. Integer mollis. Integer tincidunt aliquam','3');
INSERT INTO messages (id,title,content,user) VALUES ('77','lacus. Quisque imperdiet, erat','bibendum sed, est. Nunc laoreet lectus quis massa. Mauris vestibulum, neque sed dictum eleifend, nunc risus varius orci, in consequat enim diam vel arcu. Curabitur ut odio vel est tempor bibendum. Donec','6');
INSERT INTO messages (id,title,content,user) VALUES ('78','sollicitudin orci','viverra. Donec tempus, lorem fringilla ornare placerat, orci lacus vestibulum lorem, sit amet ultricies sem magna nec quam. Curabitur vel lectus. Cum sociis natoque penatibus et magnis dis parturient montes, nascetur ridiculus mus. Donec dignissim magna a tortor. Nunc commodo auctor velit. Aliquam nisl. Nulla','3');
INSERT INTO messages (id,title,content,user) VALUES ('79','semper auctor. Mauris vel','senectus et netus et malesuada fames ac turpis egestas. Fusce aliquet magna a neque. Nullam ut nisi a odio','5');
INSERT INTO messages (id,title,content,user) VALUES ('80','blandit enim consequat purus.','eu, euismod ac, fermentum vel, mauris. Integer sem elit, pharetra ut, pharetra sed, hendrerit a, arcu. Sed et libero. Proin mi.','6');
INSERT INTO messages (id,title,content,user) VALUES ('81','vehicula. Pellentesque tincidunt tempus risus.','per conubia nostra, per inceptos hymenaeos. Mauris ut quam vel sapien imperdiet ornare. In faucibus. Morbi vehicula. Pellentesque tincidunt tempus risus. Donec egestas. Duis ac arcu. Nunc mauris. Morbi non sapien molestie orci tincidunt adipiscing. Mauris molestie pharetra nibh. Aliquam ornare, libero at auctor ullamcorper, nisl arcu iaculis enim,','6');
INSERT INTO messages (id,title,content,user) VALUES ('82','Cras vehicula aliquet','velit in aliquet lobortis, nisi nibh lacinia orci, consectetuer euismod','5');
INSERT INTO messages (id,title,content,user) VALUES ('83','ut, molestie','facilisis lorem tristique aliquet. Phasellus fermentum convallis ligula. Donec luctus aliquet odio. Etiam ligula tortor, dictum eu, placerat eget, venenatis a,','7');
INSERT INTO messages (id,title,content,user) VALUES ('84','ipsum dolor sit amet, consectetuer','vel quam dignissim pharetra. Nam ac nulla. In tincidunt congue turpis.','5');
INSERT INTO messages (id,title,content,user) VALUES ('85','Nullam lobortis quam','rutrum urna, nec luctus felis purus ac tellus. Suspendisse sed dolor. Fusce mi lorem, vehicula et, rutrum eu, ultrices sit amet, risus. Donec nibh enim, gravida sit amet, dapibus id, blandit at, nisi. Cum sociis natoque penatibus','5');
INSERT INTO messages (id,title,content,user) VALUES ('86','a odio','Integer in magna. Phasellus dolor elit, pellentesque a, facilisis non, bibendum sed, est. Nunc laoreet lectus quis massa. Mauris vestibulum, neque sed dictum eleifend, nunc risus varius orci, in consequat enim diam vel arcu.','1');
INSERT INTO messages (id,title,content,user) VALUES ('87','ligula. Aenean','ipsum leo elementum sem, vitae aliquam eros turpis non enim. Mauris quis turpis vitae purus gravida sagittis. Duis gravida. Praesent eu nulla','5');
INSERT INTO messages (id,title,content,user) VALUES ('88','Sed eu nibh vulputate mauris','turpis egestas. Aliquam fringilla cursus purus. Nullam scelerisque neque sed sem egestas blandit. Nam nulla magna, malesuada vel, convallis in, cursus et, eros. Proin ultrices. Duis volutpat nunc sit amet metus. Aliquam erat volutpat. Nulla facilisis. Suspendisse commodo tincidunt nibh. Phasellus nulla. Integer vulputate, risus a','3');
INSERT INTO messages (id,title,content,user) VALUES ('89','non, cursus non,','magna. Suspendisse tristique neque venenatis lacus. Etiam bibendum fermentum metus. Aenean sed pede nec ante blandit viverra. Donec tempus, lorem fringilla ornare placerat, orci lacus vestibulum lorem, sit','9');
INSERT INTO messages (id,title,content,user) VALUES ('90','at, nisi.','dolor. Donec fringilla. Donec feugiat metus sit amet ante. Vivamus non lorem vitae odio sagittis semper. Nam tempor diam dictum sapien. Aenean massa. Integer vitae nibh. Donec est mauris, rhoncus id, mollis nec, cursus a, enim. Suspendisse','3');
INSERT INTO messages (id,title,content,user) VALUES ('91','velit. Sed','eu, placerat eget, venenatis a, magna. Lorem ipsum dolor sit amet, consectetuer adipiscing elit. Etiam laoreet, libero et tristique pellentesque, tellus sem mollis dui, in sodales elit erat vitae risus. Duis a mi fringilla','10');
INSERT INTO messages (id,title,content,user) VALUES ('92','ante. Maecenas','mauris sapien, cursus in, hendrerit consectetuer, cursus et, magna. Praesent interdum ligula eu enim. Etiam imperdiet dictum magna. Ut tincidunt orci quis lectus. Nullam suscipit, est ac facilisis facilisis, magna tellus faucibus leo, in lobortis tellus justo sit amet nulla. Donec non justo. Proin non massa non ante bibendum ullamcorper.','4');
INSERT INTO messages (id,title,content,user) VALUES ('93','Lorem ipsum','nascetur ridiculus mus. Proin vel arcu eu odio tristique pharetra. Quisque ac libero nec ligula consectetuer rhoncus. Nullam velit dui, semper et, lacinia vitae, sodales at, velit. Pellentesque ultricies dignissim lacus. Aliquam rutrum','10');
INSERT INTO messages (id,title,content,user) VALUES ('94','ipsum. Phasellus','ac mattis velit justo nec ante. Maecenas mi felis, adipiscing fringilla, porttitor vulputate, posuere vulputate, lacus. Cras interdum. Nunc sollicitudin commodo ipsum. Suspendisse non leo. Vivamus nibh dolor, nonummy','1');
INSERT INTO messages (id,title,content,user) VALUES ('95','nunc sed pede. Cum','Donec est mauris, rhoncus id, mollis nec, cursus a, enim. Suspendisse aliquet, sem ut cursus luctus, ipsum','10');
INSERT INTO messages (id,title,content,user) VALUES ('96','non dui','Nunc quis arcu vel quam dignissim pharetra. Nam ac nulla. In tincidunt congue turpis. In condimentum. Donec at arcu. Vestibulum ante ipsum primis in faucibus orci luctus et ultrices posuere','4');
INSERT INTO messages (id,title,content,user) VALUES ('97','Nullam scelerisque neque sed','Donec sollicitudin adipiscing ligula. Aenean gravida nunc sed pede. Cum sociis natoque penatibus et magnis dis parturient montes, nascetur ridiculus mus. Proin vel arcu eu odio tristique pharetra. Quisque ac libero nec ligula consectetuer rhoncus. Nullam velit dui, semper et,','7');
INSERT INTO messages (id,title,content,user) VALUES ('98','ligula consectetuer rhoncus. Nullam','non justo. Proin non massa non ante bibendum ullamcorper. Duis cursus, diam at pretium aliquet, metus urna convallis erat, eget tincidunt dui augue eu tellus. Phasellus elit pede, malesuada vel, venenatis vel, faucibus','10');
INSERT INTO messages (id,title,content,user) VALUES ('99','pede. Praesent eu dui. Cum','nec luctus felis purus ac tellus. Suspendisse sed dolor. Fusce mi lorem, vehicula et, rutrum eu, ultrices sit amet, risus. Donec nibh enim, gravida sit amet, dapibus id, blandit at, nisi. Cum sociis natoque penatibus et magnis dis parturient','10');
INSERT INTO messages (id,title,content,user) VALUES ('100','dictum augue malesuada malesuada.','eu eros. Nam consequat dolor vitae dolor. Donec fringilla. Donec feugiat metus sit amet ante. Vivamus non','6');
CREATE TABLE subjects (id mediumint(8),description TEXT default NULL);
INSERT INTO subjects (id,description) VALUES ('1','sapien');
INSERT INTO subjects (id,description) VALUES ('2','et malesuada');
INSERT INTO subjects (id,description) VALUES ('3','malesuada id,');
INSERT INTO subjects (id,description) VALUES ('4','non');
INSERT INTO subjects (id,description) VALUES ('5','hendrerit');
INSERT INTO subjects (id,description) VALUES ('6','risus.');
INSERT INTO subjects (id,description) VALUES ('7','non nisi.');
INSERT INTO subjects (id,description) VALUES ('8','In');
INSERT INTO subjects (id,description) VALUES ('9','Donec consectetuer');
INSERT INTO subjects (id,description) VALUES ('10','placerat velit.');
CREATE TABLE message_subjects (message_id varchar(50) default NULL,subject_id varchar(50) default NULL);
INSERT INTO message_subjects (message_id,subject_id) VALUES ('96','7');
INSERT INTO message_subjects (message_id,subject_id) VALUES ('34','1');
INSERT INTO message_subjects (message_id,subject_id) VALUES ('69','1');
INSERT INTO message_subjects (message_id,subject_id) VALUES ('35','7');
INSERT INTO message_subjects (message_id,subject_id) VALUES ('33','4');
INSERT INTO message_subjects (message_id,subject_id) VALUES ('58','9');
INSERT INTO message_subjects (message_id,subject_id) VALUES ('11','6');
INSERT INTO message_subjects (message_id,subject_id) VALUES ('21','9');
INSERT INTO message_subjects (message_id,subject_id) VALUES ('59','9');
INSERT INTO message_subjects (message_id,subject_id) VALUES ('36','6');
INSERT INTO message_subjects (message_id,subject_id) VALUES ('25','5');
INSERT INTO message_subjects (message_id,subject_id) VALUES ('46','8');
INSERT INTO message_subjects (message_id,subject_id) VALUES ('50','5');
INSERT INTO message_subjects (message_id,subject_id) VALUES ('37','2');
INSERT INTO message_subjects (message_id,subject_id) VALUES ('11','7');
INSERT INTO message_subjects (message_id,subject_id) VALUES ('72','1');
INSERT INTO message_subjects (message_id,subject_id) VALUES ('30','1');
INSERT INTO message_subjects (message_id,subject_id) VALUES ('9','10');
INSERT INTO message_subjects (message_id,subject_id) VALUES ('14','5');
INSERT INTO message_subjects (message_id,subject_id) VALUES ('69','5');
INSERT INTO message_subjects (message_id,subject_id) VALUES ('81','3');
INSERT INTO message_subjects (message_id,subject_id) VALUES ('28','10');
INSERT INTO message_subjects (message_id,subject_id) VALUES ('85','5');
INSERT INTO message_subjects (message_id,subject_id) VALUES ('77','5');
INSERT INTO message_subjects (message_id,subject_id) VALUES ('32','2');
INSERT INTO message_subjects (message_id,subject_id) VALUES ('2','6');
INSERT INTO message_subjects (message_id,subject_id) VALUES ('52','5');
INSERT INTO message_subjects (message_id,subject_id) VALUES ('31','1');
INSERT INTO message_subjects (message_id,subject_id) VALUES ('95','7');
INSERT INTO message_subjects (message_id,subject_id) VALUES ('16','1');
INSERT INTO message_subjects (message_id,subject_id) VALUES ('36','9');
INSERT INTO message_subjects (message_id,subject_id) VALUES ('12','7');
INSERT INTO message_subjects (message_id,subject_id) VALUES ('91','2');
INSERT INTO message_subjects (message_id,subject_id) VALUES ('65','1');
INSERT INTO message_subjects (message_id,subject_id) VALUES ('63','4');
INSERT INTO message_subjects (message_id,subject_id) VALUES ('51','5');
INSERT INTO message_subjects (message_id,subject_id) VALUES ('59','8');
INSERT INTO message_subjects (message_id,subject_id) VALUES ('35','5');
INSERT INTO message_subjects (message_id,subject_id) VALUES ('26','2');
INSERT INTO message_subjects (message_id,subject_id) VALUES ('85','6');
INSERT INTO message_subjects (message_id,subject_id) VALUES ('24','9');
INSERT INTO message_subjects (message_id,subject_id) VALUES ('14','8');
INSERT INTO message_subjects (message_id,subject_id) VALUES ('34','5');
INSERT INTO message_subjects (message_id,subject_id) VALUES ('77','3');
INSERT INTO message_subjects (message_id,subject_id) VALUES ('13','10');
INSERT INTO message_subjects (message_id,subject_id) VALUES ('34','5');
INSERT INTO message_subjects (message_id,subject_id) VALUES ('79','5');
INSERT INTO message_subjects (message_id,subject_id) VALUES ('13','7');
INSERT INTO message_subjects (message_id,subject_id) VALUES ('66','8');
INSERT INTO message_subjects (message_id,subject_id) VALUES ('74','3');
INSERT INTO message_subjects (message_id,subject_id) VALUES ('10','3');
INSERT INTO message_subjects (message_id,subject_id) VALUES ('71','7');
INSERT INTO message_subjects (message_id,subject_id) VALUES ('2','1');
INSERT INTO message_subjects (message_id,subject_id) VALUES ('11','3');
INSERT INTO message_subjects (message_id,subject_id) VALUES ('17','10');
INSERT INTO message_subjects (message_id,subject_id) VALUES ('85','4');
INSERT INTO message_subjects (message_id,subject_id) VALUES ('82','10');
INSERT INTO message_subjects (message_id,subject_id) VALUES ('15','2');
INSERT INTO message_subjects (message_id,subject_id) VALUES ('43','10');
INSERT INTO message_subjects (message_id,subject_id) VALUES ('44','6');
INSERT INTO message_subjects (message_id,subject_id) VALUES ('84','8');
INSERT INTO message_subjects (message_id,subject_id) VALUES ('3','7');
INSERT INTO message_subjects (message_id,subject_id) VALUES ('23','2');
INSERT INTO message_subjects (message_id,subject_id) VALUES ('32','9');
INSERT INTO message_subjects (message_id,subject_id) VALUES ('93','1');
INSERT INTO message_subjects (message_id,subject_id) VALUES ('16','1');
INSERT INTO message_subjects (message_id,subject_id) VALUES ('30','9');
INSERT INTO message_subjects (message_id,subject_id) VALUES ('70','4');
INSERT INTO message_subjects (message_id,subject_id) VALUES ('92','9');
INSERT INTO message_subjects (message_id,subject_id) VALUES ('59','1');
INSERT INTO message_subjects (message_id,subject_id) VALUES ('76','5');
INSERT INTO message_subjects (message_id,subject_id) VALUES ('49','6');
INSERT INTO message_subjects (message_id,subject_id) VALUES ('42','7');
INSERT INTO message_subjects (message_id,subject_id) VALUES ('73','9');
INSERT INTO message_subjects (message_id,subject_id) VALUES ('56','2');
INSERT INTO message_subjects (message_id,subject_id) VALUES ('40','4');
INSERT INTO message_subjects (message_id,subject_id) VALUES ('94','5');
INSERT INTO message_subjects (message_id,subject_id) VALUES ('2','2');
INSERT INTO message_subjects (message_id,subject_id) VALUES ('58','4');
INSERT INTO message_subjects (message_id,subject_id) VALUES ('4','6');
INSERT INTO message_subjects (message_id,subject_id) VALUES ('39','2');
INSERT INTO message_subjects (message_id,subject_id) VALUES ('53','7');
INSERT INTO message_subjects (message_id,subject_id) VALUES ('6','3');
INSERT INTO message_subjects (message_id,subject_id) VALUES ('99','10');
INSERT INTO message_subjects (message_id,subject_id) VALUES ('3','6');
INSERT INTO message_subjects (message_id,subject_id) VALUES ('5','8');
INSERT INTO message_subjects (message_id,subject_id) VALUES ('100','6');
INSERT INTO message_subjects (message_id,subject_id) VALUES ('35','5');
INSERT INTO message_subjects (message_id,subject_id) VALUES ('17','1');
INSERT INTO message_subjects (message_id,subject_id) VALUES ('26','8');
INSERT INTO message_subjects (message_id,subject_id) VALUES ('23','7');
INSERT INTO message_subjects (message_id,subject_id) VALUES ('11','2');
INSERT INTO message_subjects (message_id,subject_id) VALUES ('8','2');
INSERT INTO message_subjects (message_id,subject_id) VALUES ('31','7');
INSERT INTO message_subjects (message_id,subject_id) VALUES ('45','4');
INSERT INTO message_subjects (message_id,subject_id) VALUES ('16','9');
INSERT INTO message_subjects (message_id,subject_id) VALUES ('54','7');
INSERT INTO message_subjects (message_id,subject_id) VALUES ('51','6');
INSERT INTO message_subjects (message_id,subject_id) VALUES ('90','5');
INSERT INTO message_subjects (message_id,subject_id) VALUES ('56','10');